0.006852978,3.974577269,0.024593592,1.80E-05,0.018670766,4.70E-05,0
0.003296062,2.830705529,0.020816163,0.008649394,0.01309584,1.09E-05,0
0.002289925,2.085442512,0.00864545,2.60E-05,0.004701948,5.24E-06,0
0.014612423,5.563720158,0.051666464,-0.013613594,0.000628765,0.000213523,2
0.051441089,1.498705703,0.10918009,-0.035653901,0.04406227,0.002646186,1
0.003145781,2.279735313,-0.025667257,-0.036354072,-0.032790778,9.90E-06,0
0.003698372,2.037748463,-0.012369389,-0.025510202,-0.018012135,1.37E-05,0
0.000906222,2.49050768,-0.011750164,-0.014605751,-0.012712837,8.21E-07,0
0.001956602,1.590833261,-0.008491733,-0.014175954,-0.010729158,3.83E-06,0
0.001212669,2.625803902,-0.005392657,-0.01004761,-0.007210472,1.47E-06,0
0.001815212,2.401187504,-0.003825109,-0.010056492,-0.006045443,3.29E-06,0
0.000677014,4.116930412,-0.000705421,-0.00400931,-0.002154798,4.58E-07,0
0.001888608,2.134429626,-0.000491485,-0.006340796,-0.00269539,3.57E-06,0
0.001252689,2.026318561,-0.000634823,-0.004514963,-0.002135647,1.57E-06,0
0.002105085,1.496292814,0.001476786,-0.004424007,-0.001901624,4.43E-06,0
0.017871174,1.500596527,0.042230355,-0.007768538,0.014500745,0.000319379,1
0.0098667,3.722726505,0.016011568,-0.016668114,-0.009427826,9.74E-05,0
0.00552481,1.912504501,0.005660722,-0.01218893,-0.00173927,3.05E-05,0
0.001272197,2.825333125,0.010853172,0.005810805,0.007977692,1.62E-06,0
0.00105346,3.254699172,0.010726603,0.006163986,0.007710159,1.11E-06,0
0.002256129,1.403435565,0.007820501,0.001151004,0.004449974,5.09E-06,0
0.001037405,1.650417808,0.004425346,0.001170859,0.002886357,1.08E-06,0
0.000862089,2.263023667,0.002192969,-0.001117729,0.000552279,7.43E-07,0
0.001082045,2.777709668,0.00306602,-0.001390268,0.000762016,1.17E-06,0
0.000877348,1.689935025,-0.00144863,-0.004275004,-0.002919689,7.70E-07,0
0.000940384,2.234874586,-0.00226534,-0.005210149,-0.003321572,8.84E-07,0
0.054721502,1.490282101,0.123750219,-0.014308844,0.039344694,0.002994443,1
0.042950828,3.282854095,0.104381136,-0.039021178,-0.007655826,0.001844774,2
0.005814587,1.700023364,-0.019254021,-0.038031294,-0.029249772,3.38E-05,0
0.003076023,1.944603585,-0.008430065,-0.019086454,-0.012586239,9.46E-06,0
0.001854632,1.450102767,-0.002858355,-0.00835983,-0.005428559,3.44E-06,0
0.000928506,2.129397576,-0.001279577,-0.00465879,-0.00294456,8.62E-07,0
0.002749579,1.782251766,-0.004713801,-0.013357161,-0.008571279,7.56E-06,0
0.00427736,1.435063949,0.003963493,-0.00758833,-0.001928405,1.83E-05,0
0.001438697,2.025551401,0.008199665,0.003416261,0.005881476,2.07E-06,0
0.000616184,1.998371049,0.008111771,0.005837154,0.007020198,3.80E-07,0
0.002059898,1.950621999,0.007114156,0.000489544,0.004516215,4.24E-06,0
0.002457554,2.609897741,0.004501633,-0.003753619,0.001462551,6.04E-06,0
0.00307226,4.450319516,0.010363252,-0.003763655,-0.000830106,9.44E-06,0
0.033989745,1.824583365,0.101315925,-0.009484072,0.057564889,0.001155303,1
0.003874203,6.246108995,-0.01048157,-0.030278294,-0.025373671,1.50E-05,0
0.002687796,1.790525562,-0.014811835,-0.023225489,-0.018641631,7.22E-06,0
0.001376557,1.866564138,-0.01019512,-0.014887383,-0.01260584,1.89E-06,0
0.001778038,3.209440487,-0.002161094,-0.009967917,-0.004683576,3.16E-06,0
0.001324801,2.507103055,-0.000235791,-0.004636583,-0.003058397,1.76E-06,0
0.001493226,2.526677533,0.000806409,-0.004904902,-0.001697002,2.23E-06,0
0.001882705,2.069667115,0.003698336,-0.002075013,0.001543365,3.54E-06,0
0.001472461,1.684048493,0.002091887,-0.002511651,-0.000194835,2.17E-06,0
0.001341919,3.237480367,0.001651118,-0.004085051,-0.000623046,1.80E-06,0
0.028406909,4.123329251,0.093017061,-0.005637946,0.013146536,0.000806952,2
0.051027563,1.397949011,0.108684173,-0.026080343,0.033320534,0.002603812,1
0.003804265,1.242010391,-0.018308644,-0.028515561,-0.023448541,1.45E-05,0
0.003633974,1.484098903,-0.008584549,-0.019073074,-0.013702046,1.32E-05,0
0.001412463,1.685929435,-0.004163919,-0.008547926,-0.006357095,2.00E-06,0
0.001713056,1.459330985,9.12E-05,-0.004777389,-0.00240958,2.93E-06,0
0.002414827,1.439898143,0.001565684,-0.005263635,-0.001507947,5.83E-06,0
0.003253617,1.440108161,8.66E-05,-0.009083996,-0.004535746,1.06E-05,0
0.00137846,2.246413896,0.002701281,-0.002243335,0.001192028,1.90E-06,0
0.002769632,1.668282944,0.008667296,0.000312913,0.004305705,7.67E-06,0
0.001627392,2.121283912,0.002707665,-0.002879485,0.000134238,2.65E-06,0
0.018082643,1.515611524,0.045947932,-0.009637639,0.020389342,0.000326982,1
0.003804663,2.220435457,-0.001468706,-0.015066358,-0.009800249,1.45E-05,0
0.002565621,1.988615061,0.006770886,-0.00136614,0.003094032,6.58E-06,0
0.002594789,1.830709588,0.011574094,0.003233127,0.007593155,6.73E-06,0
0.001915084,1.921382366,0.006978537,0.001325352,0.004648071,3.67E-06,0
0.001013281,1.73072261,0.004253816,0.001086819,0.00261245,1.03E-06,0
0.001447771,3.074288172,0.003061896,-0.002297857,0.001042902,2.10E-06,0
0.001458779,1.957510923,-0.00200483,-0.006860326,-0.004474472,2.13E-06,0
0.001519059,1.8083217,-0.004298524,-0.009454278,-0.006727629,2.31E-06,0
0.00092035,1.745054014,-0.002267174,-0.005122082,-0.003485453,8.47E-07,0
0.002297524,2.352016057,-0.001662886,-0.009295463,-0.004520279,5.28E-06,0
0.002040936,1.962880338,0.003968432,-0.003165884,0.000482446,4.17E-06,0
0.001448335,4.530156252,0.003716285,-0.001575916,0.002344136,2.10E-06,0
0.016684787,7.576509407,0.071908585,-0.003648055,0.006177301,0.000278382,2
0.091482155,1.465214317,0.217938491,-0.038759244,0.088455343,0.008368985,1
0.002688756,2.061288677,-0.037979561,-0.047097192,-0.042212587,7.23E-06,0
0.003361884,2.841777643,-0.026988389,-0.039136695,-0.035141659,1.13E-05,0
0.002775353,1.638248474,-0.019059921,-0.026943517,-0.022452604,7.70E-06,0
0.001540481,1.602062336,-0.014436453,-0.019012703,-0.016945572,2.37E-06,0
0.003417812,1.786175536,-0.005143964,-0.016314587,-0.01006622,1.17E-05,0
0.004460167,1.690657627,0.002239656,-0.011744306,-0.006251352,1.99E-05,0
0.001908584,1.728793029,0.003620403,-0.002235931,0.001579867,3.64E-06,0
0.003477257,1.353407268,0.005437972,-0.004101983,0.000727119,1.21E-05,0
0.002798953,1.666614277,0.012045429,0.003530702,0.007411624,7.83E-06,0
0.001298042,9.451753404,0.012498097,0.00526087,0.010887056,1.68E-06,0
0.046261374,1.432843187,0.109507215,-0.007465855,0.04016058,0.002140115,1
0.034652861,3.09301014,0.089108376,-0.031379939,-0.002176989,0.001200821,2
0.003721312,1.894485714,-0.012575282,-0.023608758,-0.019485839,1.38E-05,0
0.003372321,3.210192191,-0.000757305,-0.012505856,-0.004091066,1.14E-05,0
0.000849532,2.992610748,4.43E-05,-0.00297842,-0.000970985,7.22E-07,0
0.001579778,1.846672725,0.001332046,-0.003700171,-0.000758176,2.50E-06,0
0.001527757,1.819890713,0.002131904,-0.002525692,0.000109609,2.33E-06,0
0.000634838,1.724879231,-0.000589113,-0.002615193,-0.001825492,4.03E-07,0
0.001384095,2.423529557,0.004968602,-0.000435751,0.002996693,1.92E-06,0
0.000766101,2.68351828,0.004259105,0.001419398,0.003121079,5.87E-07,0
0.000975632,1.407712491,0.004030128,0.001271213,0.002586132,9.52E-07,0
0.002066473,3.294772406,0.003338368,-0.004661769,0.001217364,4.27E-06,0
0.038642686,2.448876703,0.102985341,-0.011277776,0.020038008,0.001493257,1
0.044645212,2.306401853,0.103040472,-0.028182266,0.009723978,0.001993195,1
0.004759086,1.60645699,-0.011464659,-0.026039822,-0.018288399,2.26E-05,0
0.002064636,2.220778043,-0.006137424,-0.013191873,-0.010369075,4.26E-06,0
0.001383633,2.48335214,-0.001246104,-0.006076555,-0.002732078,1.91E-06,0
0.000740926,2.425857733,-0.001393598,-0.004190923,-0.002598235,5.49E-07,0
0.001524374,2.269000526,0.001970451,-0.003756096,-0.000899443,2.32E-06,0
0.001774174,1.627644481,0.000722388,-0.004804268,-0.002030974,3.15E-06,0
0.001563114,2.515310381,0.002497298,-0.003025374,0.000233902,2.44E-06,0
0.001584931,2.269658469,0.001299448,-0.004969906,-0.002267318,2.51E-06,0
0.001740182,1.903219597,0.004184627,-0.001365696,0.001099286,3.03E-06,0
0.001805678,1.596093146,0.000153703,-0.005387444,-0.00264801,3.26E-06,0
0.067604234,2.073358833,0.173983085,-0.00582751,0.047021704,0.004570333,1
0.069622549,2.641842342,0.170019375,-0.046401786,0.010079231,0.004847299,1
0.004433527,1.599495008,-0.030455848,-0.043560095,-0.035448157,1.97E-05,0
0.003864211,1.951775553,-0.018842821,-0.030502588,-0.022943579,1.49E-05,0
0.003343491,1.955728595,-0.007240689,-0.018692103,-0.011748515,1.12E-05,0
0.00261258,1.331733621,-0.000471466,-0.00813182,-0.003939969,6.83E-06,0
0.001325928,1.490963991,-0.000120226,-0.003844438,-0.001875006,1.76E-06,0
0.001620097,1.625230859,0.003494367,-0.001336657,0.001478893,2.62E-06,0
0.001224772,2.138157253,0.00472696,0.000446819,0.002745509,1.50E-06,0
0.001081628,2.275934876,0.004880953,0.000374231,0.002481885,1.17E-06,0
0.00178677,1.790981735,0.006085117,0.000794157,0.004054821,3.19E-06,0
0.000990864,1.908857554,0.003921956,0.000793925,0.002581064,9.82E-07,0
0.002032156,3.652227876,0.006270531,-0.003015082,0.003592593,4.13E-06,0
0.043107959,1.539291079,0.115307437,-0.006322348,0.053006081,0.001858296,1
0.009346818,6.266749977,0.011905519,-0.028566839,-0.021888103,8.74E-05,0
0.002375647,3.798987985,-0.011918704,-0.022822124,-0.018553222,5.64E-06,0
0.002632355,1.309216194,-0.004345003,-0.011770617,-0.0076747,6.93E-06,0
0.000950921,2.357866358,-0.001917097,-0.005525624,-0.003558224,9.04E-07,0
0.000885741,1.979935157,0.000572946,-0.002671163,-0.001066182,7.85E-07,0
0.001914057,1.875897692,-0.002289718,-0.008342294,-0.004807108,3.66E-06,0
0.001636515,1.626837942,0.000585951,-0.004238326,-0.001813938,2.68E-06,0
0.00209382,2.662539152,0.008492378,0.000341353,0.004397063,4.38E-06,0
0.000971185,2.622728931,0.008550006,0.004734252,0.006890488,9.43E-07,0
0.000988449,2.46707583,0.007813798,0.004245127,0.00574765,9.77E-07,0
0.001071823,2.901590243,0.007115085,0.003247998,0.004660245,1.15E-06,0
0.001213709,2.462227695,0.006812548,0.002055416,0.004126344,1.47E-06,0
0.02300846,4.715116246,0.083784136,-0.006370366,0.011327648,0.000529389,2
0.051416254,1.441506961,0.101184621,-0.040176481,0.02298669,0.002643631,1
0.007196574,1.58357816,-0.021583551,-0.042669094,-0.034145315,5.18E-05,0
0.004473217,2.173692793,-0.00804004,-0.021600538,-0.012717785,2.00E-05,0
0.002317285,1.774544155,-0.000580606,-0.007962799,-0.003561795,5.37E-06,0
0.002324527,1.628661547,-0.000717605,-0.007566374,-0.003849744,5.40E-06,0
0.002076022,1.846885949,0.003652111,-0.003262632,8.82E-05,4.31E-06,0
0.001141195,1.870672733,0.001176267,-0.002732207,-0.000720884,1.30E-06,0
0.000822911,2.90797871,0.001261789,-0.002378896,-0.000370792,6.77E-07,0
0.003067605,1.548824948,0.005173783,-0.003830653,0.001030372,9.41E-06,0
0.001607334,1.774535372,0.004210828,-0.001009668,0.001375187,2.58E-06,0
0.000692743,2.172084323,0.001453522,-0.001047318,0.00021785,4.80E-07,0
0.003635657,3.262575004,0.008201838,-0.011137894,-0.004628781,1.32E-05,0
0.049901368,1.660285677,0.140113541,-0.018708358,0.06943919,0.002490146,1
0.003883274,4.514856216,-0.019663572,-0.037494852,-0.03358527,1.51E-05,0
0.005576157,1.727356617,-0.013318194,-0.0299729,-0.021585232,3.11E-05,0
0.002342769,1.969993074,-0.005139289,-0.013215528,-0.009333021,5.49E-06,0
0.00066554,4.051484164,-0.006199192,-0.009583167,-0.007387661,4.43E-07,0
0.001572152,1.6849853,-0.000668662,-0.00605197,-0.0026777,2.47E-06,0
0.001403409,1.742233958,0.000298349,-0.004542076,-0.002287636,1.97E-06,0
0.000973931,1.834832355,0.003016161,-9.50E-05,0.001319315,9.49E-07,0
0.001282783,1.931356547,0.003418873,-0.000807623,0.001168517,1.65E-06,0
0.001205979,2.045126677,0.006946673,0.003053581,0.004609573,1.45E-06,0
0.001730871,1.87219455,0.006509717,0.000570559,0.003246725,3.00E-06,0
0.001264818,1.667439826,0.00261996,-0.001119874,0.000941357,1.60E-06,0
0.001866626,1.810018379,0.001325988,-0.004679574,-0.002009356,3.48E-06,0
0.059730162,1.640580081,0.150226522,-0.001947971,0.053069899,0.003567692,1
0.062065194,2.354758611,0.14797994,-0.039621392,0.013816874,0.003852088,1
0.00323995,1.733715966,-0.027133881,-0.038069371,-0.032078497,1.05E-05,0
0.002689346,1.593821611,-0.018417203,-0.026999234,-0.021867108,7.23E-06,0
0.004875414,1.691406948,-0.00742716,-0.02145546,-0.014088552,2.38E-05,0
0.000887941,2.335124971,-0.004261245,-0.007424639,-0.00568837,7.88E-07,0
0.00105726,2.793617707,-0.002799813,-0.007440741,-0.005009519,1.12E-06,0
0.002160093,2.158953048,-0.005045141,-0.013047311,-0.009763962,4.67E-06,0
0.003706046,1.25022062,0.006095367,-0.004935257,0.000215789,1.37E-05,0
0.001148978,1.584000939,0.009562133,0.006103347,0.007630581,1.32E-06,0
0.000908783,2.047601605,0.011032184,0.007767058,0.00940348,8.26E-07,0
0.001543084,1.944594682,0.013019193,0.008215529,0.010751924,2.38E-06,0
0.001178227,2.319872242,0.012063526,0.008237793,0.009552179,1.39E-06,0
0.005068735,1.364145159,0.008177664,-0.005393597,0.002129301,2.57E-05,0
0.001438714,2.958381855,-0.002970835,-0.008767053,-0.006035959,2.07E-06,0
0.038787581,1.694882782,0.099138472,-0.023381623,0.045519925,0.001504476,1
0.00346566,1.815194246,-0.019072543,-0.030564315,-0.026018479,1.20E-05,0
0.002481342,3.808800881,-0.007059432,-0.018912945,-0.012305222,6.16E-06,0
0.001127144,1.941204086,-0.002428799,-0.006847373,-0.004500632,1.27E-06,0
0.001154644,1.939240761,0.000565804,-0.003522692,-0.001509931,1.33E-06,0
0.000901557,2.252620367,0.001291,-0.001748257,-0.000684717,8.13E-07,0
0.000850793,1.658796876,-0.000966384,-0.003485173,-0.002305253,7.24E-07,0
0.001315277,2.091119895,0.001645138,-0.002726141,-0.000793113,1.73E-06,0
0.001666243,1.778852601,0.002052005,-0.002695043,0.0001701,2.78E-06,0
0.000903503,1.545888278,0.002645826,-0.000220544,0.00106682,8.16E-07,0
0.001438845,2.57510723,0.003970242,-0.001433268,0.001870704,2.07E-06,0
0.016164554,6.526470622,0.05943682,-0.00904016,0.001380732,0.000261293,2
0.051036361,1.572247853,0.113830317,-0.028859973,0.052896737,0.00260471,1
0.003372855,1.955318801,-0.022646879,-0.03296135,-0.029137601,1.14E-05,0
0.004281289,1.799900039,-0.009545272,-0.022600036,-0.015864943,1.83E-05,0
0.001999227,1.783085162,-0.00622335,-0.012706215,-0.010149122,4.00E-06,0
0.001082921,2.067947524,-0.004035791,-0.007372359,-0.005281867,1.17E-06,0
0.000874005,2.28851156,-0.002122758,-0.005112288,-0.003975192,7.64E-07,0
0.000741684,3.061846433,-0.002742959,-0.00604292,-0.004846167,5.50E-07,0
0.000737858,3.06805642,-0.000231223,-0.003230611,-0.002319116,5.44E-07,0
0.000746424,1.980270883,0.002014715,-0.000618983,0.00086532,5.57E-07,0
0.001472712,1.428863716,0.005197966,0.001112765,0.002867297,2.17E-06,0
0.001220811,3.275208959,0.005691388,0.000868641,0.004126197,1.49E-06,0
0.018918642,3.716101699,0.061654618,-0.002204159,0.010393516,0.000357915,2
0.034586018,1.486095834,0.064921122,-0.025270711,0.013078536,0.001196193,1
0.006353757,1.803643839,-0.004556917,-0.024956108,-0.016212054,4.04E-05,0
0.002403317,1.568093749,0.002368069,-0.004475805,-0.00130893,5.78E-06,0
0.001048101,2.032486209,0.003273659,-0.000292304,0.00145033,1.10E-06,0
0.000835932,1.335834383,0.002643111,0.000186338,0.001304108,6.99E-07,0
0.001861562,1.846211795,0.00407399,-0.001702333,0.000742203,3.47E-06,0
0.001979798,1.435649975,0.003486888,-0.002040042,0.000780375,3.92E-06,0
0.000907601,2.444543253,0.003182414,-0.000525723,0.001307426,8.24E-07,0
0.00111362,2.335985067,0.000946722,-0.002856252,-0.000479763,1.24E-06,0
0.001803614,2.101812678,0.002192946,-0.003933444,-0.000648667,3.25E-06,0
0.00079857,2.316453668,-0.002132318,-0.005018879,-0.003918641,6.38E-07,0
0.024125396,5.464183757,0.085532852,-0.005797326,0.008066507,0.000582035,2
0.056696374,1.381897468,0.114666401,-0.037406134,0.042519641,0.003214479,1
0.002288304,1.895843249,-0.031445854,-0.040329986,-0.036445454,5.24E-06,0
0.005351445,1.365721405,-0.014987986,-0.031169853,-0.022506296,2.86E-05,0
0.002637532,3.167410899,-0.004988493,-0.014844878,-0.007933472,6.96E-06,0
0.001488001,4.24413634,0.000271375,-0.0060609,-0.00156037,2.21E-06,0
0.001255964,1.862439232,0.001154903,-0.002911832,-0.001129685,1.58E-06,0
0.002249284,2.230093751,0.004371569,-0.003319417,-0.000158404,5.06E-06,0
0.001237229,3.487904937,0.00408245,-0.001439066,0.000381468,1.53E-06,0
0.00150569,1.453280212,0.001363184,-0.002885411,-0.000616717,2.27E-06,0
0.009252576,1.99537076,0.018503259,-0.008143167,0.000910759,8.56E-05,0
0.007453958,3.065589254,0.012854862,-0.014377796,-0.007003036,5.56E-05,0
0.005368345,2.566598988,0.006307688,-0.011530143,0.000997548,2.88E-05,0
0.002363964,3.714308358,0.01430868,0.005295438,0.011787245,5.59E-06,0
0.001053819,2.859575031,0.014779468,0.011167592,0.013518863,1.11E-06,0
0.001297586,2.308984741,0.012999019,0.008578924,0.011515439,1.68E-06,0
0.003377687,2.421136188,0.008398005,-0.004504105,0.000166739,1.14E-05,0
0.002591814,1.683009348,0.002148463,-0.005764497,-0.001766057,6.72E-06,0
0.003305051,1.58390376,0.005500576,-0.004995848,0.000345617,1.09E-05,0
0.002865656,1.292822925,0.005292225,-0.003081097,0.000758076,8.21E-06,0
0.011450859,1.344079297,0.02382623,-0.007034202,0.006897402,0.000131122,1
0.017526419,1.265933752,0.019212648,-0.024205488,-0.001445004,0.000307175,1
0.005220724,1.61281954,-0.006472571,-0.023878775,-0.015802512,2.73E-05,0
0.002864505,1.657836819,0.003360299,-0.006279895,-0.000524622,8.21E-06,0
0.001210236,4.935123803,0.006148025,0.001144385,0.004826267,1.46E-06,0
0.001184681,2.184684708,0.006461966,0.00224686,0.004162494,1.40E-06,0
0.003027072,1.454395068,0.006114156,-0.002873523,0.002404433,9.16E-06,0
0.001330169,2.411465529,-0.0004962,-0.005435141,-0.00326979,1.77E-06,0
0.000985894,1.62254269,9.10E-05,-0.002977449,-0.001506734,9.72E-07,0
0.000840832,3.044942379,0.000138564,-0.003787129,-0.002431422,7.07E-07,0
0.001908099,1.777060345,0.001598945,-0.004416637,-0.001215731,3.64E-06,0
0.001848921,1.69102318,0.00529121,-0.000399522,0.002353786,3.42E-06,0
0.000787884,2.684481325,0.003515313,0.000532545,0.001498492,6.21E-07,0
0.035463324,4.49490266,0.124448748,-0.016230989,0.013756481,0.001257647,2
0.084203367,1.333068656,0.172355457,-0.048563661,0.058248026,0.007090207,1
0.003969632,2.075253182,-0.035120655,-0.048510358,-0.041401003,1.58E-05,0
0.00338054,1.459743774,-0.02632831,-0.036678828,-0.031760948,1.14E-05,0
0.002464383,2.157578889,-0.017465022,-0.026243783,-0.021758588,6.07E-06,0
0.003131596,1.897725675,-0.007427278,-0.017391799,-0.01189257,9.81E-06,0
0.001486934,2.059157087,-0.005733138,-0.011262255,-0.008427553,2.21E-06,0
0.002145383,1.806140398,0.001472981,-0.00561559,-0.001520325,4.60E-06,0
0.002752583,1.611929897,0.006095442,-0.001786186,0.00247443,7.58E-06,0
0.001914183,1.583174093,0.007358677,0.001564244,0.00439955,3.66E-06,0
0.003763425,1.349936507,0.013283555,0.003614656,0.0091227,1.42E-05,0
0.001109419,2.214762157,0.012516245,0.008254844,0.01039508,1.23E-06,0
0.0015907,1.977211969,0.01041778,0.005338047,0.007450503,2.53E-06,0
0.001762188,1.618949618,0.008994669,0.003621651,0.006381051,3.11E-06,0
0.005771897,1.528525262,0.004556392,-0.011525802,-0.002068868,3.33E-05,0
0.057482062,1.578269274,0.167495092,-0.008830097,0.086482296,0.003304187,1
0.008118663,6.227144836,-0.010286581,-0.046700947,-0.040118528,6.59E-05,0
0.005742542,2.009888729,-0.026417941,-0.04448984,-0.033024357,3.30E-05,0
0.003792995,1.841579274,-0.012890873,-0.026219363,-0.018722547,1.44E-05,0
0.002635299,1.81069553,-0.004119858,-0.01283416,-0.007524606,6.94E-06,0
0.003157415,1.556152668,-0.000470829,-0.009806911,-0.004740977,9.97E-06,0
0.001630608,2.326536647,-0.000218541,-0.006534979,-0.004251884,2.66E-06,0
0.002469883,1.986008149,0.001173482,-0.006272448,-0.001428751,6.10E-06,0
0.002361122,1.711222592,0.00833982,0.001201966,0.005331585,5.57E-06,0
0.001039274,2.899570873,0.008950735,0.004301256,0.006781661,1.08E-06,0
0.002483434,1.6587214,0.00997332,0.002375888,0.006154459,6.17E-06,0
0.000787764,2.775714332,0.007918088,0.004465741,0.006027771,6.21E-07,0
0.000779191,1.803390633,0.007466759,0.005128947,0.006477741,6.07E-07,0
0.002693462,1.936521691,0.005619154,-0.002670877,0.000956636,7.25E-06,0
0.000743319,2.078745585,0.001621132,-0.000982649,0.000189503,5.53E-07,0
0.008509792,11.76256639,0.038727054,-0.007439808,-0.001703793,7.24E-05,0
0.071733437,1.574566277,0.160769663,-0.04605929,0.063407516,0.005145686,1
0.004181471,1.355035293,-0.035038729,-0.047840213,-0.042765174,1.75E-05,0
0.004045549,2.251828651,-0.020505699,-0.034763272,-0.028535705,1.64E-05,0
0.003119101,1.344370469,-0.011583749,-0.020435463,-0.016437553,9.73E-06,0
0.001954138,1.645115303,-0.004931423,-0.011512606,-0.008650977,3.82E-06,0
0.000841015,1.763886941,-0.002161534,-0.004889022,-0.003541008,7.07E-07,0
0.001069408,1.759549352,0.001159515,-0.002486341,-0.00039214,1.14E-06,0
0.002665818,1.81775227,0.006379481,-0.001036369,0.0035487,7.11E-06,0
0.002365858,1.378220811,0.006136786,-0.000322872,0.003027613,5.60E-06,0
0.0005354,2.866444788,0.004753383,0.002329455,0.003307738,2.87E-07,0
0.001456684,1.368155036,0.008508402,0.004637553,0.00683712,2.12E-06,0
0.004506866,1.560163913,0.008772379,-0.003616682,0.00371624,2.03E-05,0
0.055789501,1.39705791,0.143608308,-0.002508371,0.060083511,0.003112468,1
0.031410587,4.86637418,0.085256728,-0.035404188,-0.014811556,0.000986625,2
0.004817,1.266639715,-0.018504248,-0.030971357,-0.024802041,2.32E-05,0
0.003692306,2.726862103,-0.006384787,-0.018416406,-0.010003282,1.36E-05,0
0.001053418,2.065286175,-0.004593151,-0.007851638,-0.005753193,1.11E-06,0
0.000754741,2.052585347,-0.00293309,-0.005411569,-0.003979223,5.70E-07,0
0.000933861,2.446120122,-0.000266616,-0.003798655,-0.002587174,8.72E-07,0
0.00121069,1.687687383,0.003174042,-0.000816711,0.000722398,1.47E-06,0
0.002460361,2.033378929,0.009590129,0.002023053,0.004846862,6.05E-06,0
0.002009091,2.125354757,0.002918876,-0.003353067,0.000557811,4.04E-06,0
0.000925988,2.695111081,0.00168918,-0.001882604,-6.77E-05,8.57E-07,0
0.039165197,1.551463888,0.114277416,0.000107688,0.052179035,0.001533913,1
0.006712185,5.898345777,0.000694786,-0.030408585,-0.024086274,4.51E-05,0
0.012056059,4.162178409,0.04525016,3.78E-05,0.033587376,0.000145349,2
0.003479166,2.542049848,0.030946314,0.016802798,0.024438474,1.21E-05,0
0.002620603,1.956035276,0.016735237,0.006691633,0.011579982,6.87E-06,0
0.002166019,4.84660654,0.006580216,-0.001892496,-4.24E-05,4.69E-06,0
0.001892503,1.550131429,-0.001679976,-0.0077078,-0.005070222,3.58E-06,0
0.002639482,1.326370805,-0.001778888,-0.009109659,-0.005518115,6.97E-06,0
0.005899861,3.817044074,0.012227449,-0.009847536,-0.005252444,3.48E-05,0
0.022431069,1.47689747,0.026030426,-0.034425405,-0.008640277,0.000503153,1
0.004496938,2.113545949,-0.012999453,-0.030632627,-0.021201581,2.02E-05,0
0.00171388,4.560113849,-0.005763392,-0.012762368,-0.007428705,2.94E-06,0
0.002040009,1.894511663,-0.001833945,-0.008103895,-0.004477233,4.16E-06,0
0.001065506,2.216479555,-0.000707627,-0.004608824,-0.00268314,1.14E-06,0
0.001180307,2.164427627,0.001002523,-0.003284648,-0.000607915,1.39E-06,0
0.001311976,2.74185789,0.000969574,-0.004574106,-0.002097217,1.72E-06,0
0.001792845,2.384984391,0.000203847,-0.005509801,-0.00356022,3.21E-06,0
0.002433958,1.895306846,0.0013621,-0.005585639,-0.003103972,5.92E-06,0
0.001035917,1.843881057,0.001477446,-0.001713457,0.00018363,1.07E-06,0
0.001842971,1.55353793,0.002700983,-0.002717455,-1.49E-05,3.40E-06,0
0.033608417,5.275995485,0.11838204,-0.00860723,0.011988337,0.001129526,2
0.090651876,1.380652847,0.191930856,-0.049981737,0.066712844,0.008217763,1
0.003969544,2.632372945,-0.038903417,-0.052937272,-0.048024115,1.58E-05,0
0.004271288,2.232397422,-0.023141385,-0.038808624,-0.032522108,1.82E-05,0
0.002146457,2.757335987,-0.015299972,-0.023049639,-0.020476603,4.61E-06,0
0.002695093,1.652378436,-0.008814845,-0.016718441,-0.012122088,7.26E-06,0
0.001568983,2.256145657,-0.003680701,-0.009612613,-0.006706234,2.46E-06,0
0.001598689,1.338374557,0.000857611,-0.003812675,-0.001971709,2.56E-06,0
0.000652877,1.937999254,0.002443092,0.000205028,0.001273917,4.26E-07,0
0.000785918,2.285395695,0.002927482,0.000124413,0.001389818,6.18E-07,0
0.001435466,1.997657331,0.003535769,-0.001111963,0.001387462,2.06E-06,0
0.002071738,2.123620304,0.006312853,-0.001512855,0.002578498,4.29E-06,0
0.017867624,1.878655498,0.042434822,-0.012527231,0.020293292,0.000319252,1
0.004272595,1.484936308,-0.001275907,-0.013822579,-0.008338162,1.83E-05,0
0.001634001,1.375994272,0.00269774,-0.001837061,0.000134042,2.67E-06,0
0.00077247,2.510180522,0.004999203,0.00202358,0.003328445,5.97E-07,0
0.002481958,1.760522677,0.010711535,0.003117913,0.007038006,6.16E-06,0
0.000740696,3.503882354,0.006685675,0.002768731,0.004411,5.49E-07,0
0.001219966,1.609196772,0.003939189,0.000243436,0.00207754,1.49E-06,0
0.000441523,2.441319307,0.003951187,0.002274546,0.002932094,1.95E-07,0
0.002156902,2.401431227,0.002451664,-0.005770989,-0.002994422,4.65E-06,0
0.007114021,7.714331856,0.0277654,-0.004089524,0.000262108,5.06E-05,0
0.045993069,1.663241022,0.113722821,-0.025916782,0.047825874,0.002115362,1
0.00146249,3.400225094,-0.025547985,-0.031765433,-0.029622203,2.14E-06,0
0.005493418,1.586159451,-0.009852027,-0.025813749,-0.018569978,3.02E-05,0
0.002236107,1.823164904,-0.005405075,-0.01216403,-0.008229723,5.00E-06,0
0.001462164,2.089426847,-0.000379893,-0.005338084,-0.002369139,2.14E-06,0
0.001326253,3.403484989,0.003019562,-0.001956669,-0.000409754,1.76E-06,0
0.001767611,2.375346107,0.003325697,-0.002591872,5.74E-07,3.12E-06,0
0.001416164,1.624828528,0.003569603,-0.000710956,0.001347979,2.01E-06,0
0.002009319,1.939867053,0.005400725,-0.000687558,0.001669291,4.04E-06,0
0.00443738,2.524773007,0.009074284,-0.005573429,2.72E-05,1.97E-05,0
0.006220368,2.405585828,0.007942556,-0.012332049,-0.005937649,3.87E-05,0
0.002989757,2.40052892,0.011656318,-0.000424653,0.005884184,8.94E-06,0
0.001141411,2.025541523,0.011667163,0.007560924,0.009407995,1.30E-06,0
0.001387821,1.866086991,0.012927394,0.008652788,0.011178915,1.93E-06,0
0.008321136,1.63200862,0.010816956,-0.011129713,0.002340865,6.92E-05,0
0.008004908,1.506374662,0.011379878,-0.011409243,-0.000273008,6.41E-05,0
0.002445319,2.194317731,-0.002020612,-0.011444463,-0.007205137,5.98E-06,0
0.003325888,1.865927836,0.009987798,-0.00182697,0.005036043,1.11E-05,0
0.001528872,1.507298133,0.011352423,0.007155234,0.009006664,2.34E-06,0
0.00121479,2.695532047,0.007643453,0.003030857,0.00564467,1.48E-06,0
0.00394746,2.919609518,0.005820882,-0.008107022,0.001769417,1.56E-05,0
0.002564978,1.506751325,-0.005033082,-0.012623306,-0.008700826,6.58E-06,0
0.00150488,1.723254351,-0.003752214,-0.008439665,-0.005815091,2.26E-06,0
0.003136301,2.915150291,0.004935907,-0.006389532,0.001266769,9.84E-06,0
0.002043513,1.189296007,0.006889441,0.001568446,0.00410791,4.18E-06,0
0.001276251,2.245921159,0.006449985,0.001985128,0.003572423,1.63E-06,0
0.00112173,2.113098204,0.003306466,-0.000408775,0.001427423,1.26E-06,0
0.000983205,2.558838221,-0.000393742,-0.003776558,-0.002637268,9.67E-07,0
0.001087184,2.121738573,-0.001779528,-0.005420046,-0.003512361,1.18E-06,0
0.000900196,3.29166248,-0.002669515,-0.006229653,-0.003741354,8.10E-07,0
0.049064745,1.375280645,0.121336788,-0.00649905,0.054413314,0.002407349,1
0.037740552,3.737124021,0.090647428,-0.042988832,-0.016321147,0.001424349,2
0.005391889,1.617718339,-0.023789771,-0.038796025,-0.029998137,2.91E-05,0
0.002962093,2.101602994,-0.014271567,-0.023910291,-0.01790867,8.77E-06,0
0.001109691,1.669209064,-0.010725852,-0.01425918,-0.012173698,1.23E-06,0
0.003483905,2.680035722,-0.002658964,-0.014329239,-0.006711343,1.21E-05,0
0.001867331,1.616695789,0.003141112,-0.002631742,0.000215959,3.49E-06,0
0.000814888,1.601964276,0.004845692,0.002281176,0.003596604,6.64E-07,0
0.001299242,1.966284419,0.005763156,0.001642361,0.00390759,1.69E-06,0
0.001181151,1.696518943,0.006440084,0.002706181,0.004493913,1.40E-06,0
0.001713275,1.886017588,0.006054265,0.000481729,0.003475922,2.94E-06,0
0.001646444,2.49639358,0.005643672,0.000489823,0.002366214,2.71E-06,0
0.001121148,1.759969756,0.003140392,-0.000426348,0.001340308,1.26E-06,0
0.063375777,1.343614336,0.162494476,-0.000585788,0.075369344,0.004016489,1
0.036612078,4.362304253,0.091466509,-0.042915081,-0.019511208,0.001340444,2
0.004505713,1.848488268,-0.026495936,-0.041226117,-0.033196003,2.03E-05,0
0.004493397,1.693529534,-0.013021089,-0.027027018,-0.019866584,2.02E-05,0
0.001507177,1.82790802,-0.010007943,-0.015336942,-0.013248904,2.27E-06,0
0.002366352,2.234453145,-0.004148054,-0.012393303,-0.009243626,5.60E-06,0
0.000409558,2.050923823,-0.003175987,-0.004659878,-0.003986615,1.68E-07,0
0.00155916,2.331606724,0.001100273,-0.003860498,-0.000801518,2.43E-06,0
0.001136676,2.33274543,0.003739104,-0.000185241,0.002151397,1.29E-06,0
0.001681253,2.463799289,0.006096319,0.000284998,0.00375111,2.83E-06,0
0.001046113,2.503674403,0.005780784,0.001854494,0.003475338,1.09E-06,0
0.003601686,2.860633219,0.005734072,-0.006369091,0.001514186,1.30E-05,0
0.039146015,1.744170984,0.099093094,-0.006311656,0.030359423,0.00153241,1
0.044778354,1.783350641,0.096458282,-0.034070475,0.012382724,0.002005101,1
0.005573793,2.288334188,-0.015341007,-0.033215107,-0.021353814,3.11E-05,0
0.002485949,2.897990688,-0.006189206,-0.016477779,-0.012202503,6.18E-06,0
0.002166416,2.465552829,0.001194048,-0.007069592,-0.004173361,4.69E-06,0
0.001829461,2.079800222,0.001344616,-0.004692727,-0.001330915,3.35E-06,0
0.000980601,2.026634548,0.001793161,-0.001579168,0.000218969,9.62E-07,0
0.000931801,2.334501214,0.003333735,7.77E-05,0.001372909,8.68E-07,0
0.001095671,2.443111921,0.005438482,0.001330549,0.003053664,1.20E-06,0
0.001801367,1.316884192,0.005961039,0.00071852,0.00316882,3.24E-06,0
0.004387605,1.989182401,0.004954006,-0.007608325,-0.003603452,1.93E-05,0
0.024937143,1.650724854,0.06973318,-0.00508259,0.033608266,0.000621861,1
0.010690075,5.603759173,0.020940692,-0.025379378,-0.016229533,0.000114278,2
0.003575562,2.198644613,-0.001710855,-0.012865668,-0.00608656,1.28E-05,0
0.001344142,2.044725825,0.00168365,-0.002704983,-0.000871146,1.81E-06,0
0.000844439,2.110111228,0.001226385,-0.001810109,-0.000392043,7.13E-07,0
0.001603217,1.53261842,0.000134847,-0.004644101,-0.001921896,2.57E-06,0
0.001812215,2.090369956,0.000954991,-0.004643694,-0.001149093,3.28E-06,0
0.001655363,2.520939977,0.002815181,-0.003259417,-1.16E-05,2.74E-06,0
0.002371759,1.67944837,0.003326876,-0.003093188,0.000829853,5.63E-06,0
0.002084413,2.512339644,0.000154052,-0.006938487,-0.002168434,4.34E-06,0
0.011271864,2.367569458,0.029998245,-0.006638236,0.018487648,0.000127055,1
0.009364553,3.244967514,0.006796134,-0.029775139,-0.018822896,8.77E-05,0
0.003705701,2.598479182,-0.001347506,-0.014846436,-0.006859218,1.37E-05,0
0.001760278,3.71924314,0.00577405,-0.001232098,0.003690856,3.10E-06,0
0.001953883,2.090480952,0.008724739,0.002461889,0.006016767,3.82E-06,0
0.001247117,1.521715141,0.003885093,-5.26E-05,0.001822031,1.56E-06,0
0.004230692,1.508408942,-0.000109139,-0.011940922,-0.006636046,1.79E-05,0
0.016011098,2.153621635,0.035923868,-0.012614268,0.002268426,0.000256355,1
0.017198709,1.929884634,0.036085546,-0.013019254,0.003059111,0.000295796,1
0.007232517,1.612591363,0.008301861,-0.011171051,0.000798299,5.23E-05,0
0.001005147,1.652312393,0.01044746,0.007257509,0.009057052,1.01E-06,0
0.001635243,2.679187669,0.007162726,0.00078273,0.003242122,2.67E-06,0
0.001418463,2.149818003,0.005829245,0.000247549,0.003144703,2.01E-06,0
0.002130358,2.473373008,0.002326102,-0.005195044,-0.000950698,4.54E-06,0
0.001323835,2.899365548,-0.000114401,-0.005173389,-0.00196544,1.75E-06,0
0.000683101,1.84720723,-0.000614674,-0.003326373,-0.001863568,4.67E-07,0
0.000824933,2.702524418,-0.003441682,-0.00690982,-0.005731353,6.81E-07,0
0.000803954,2.522614218,-0.003076625,-0.0057252,-0.004094856,6.46E-07,0
0.007424939,8.876379492,0.026476917,-0.010123941,-0.00490965,5.51E-05,0
0.040903157,1.656996948,0.103789769,-0.020299265,0.045407736,0.001673068,1
0.002365234,2.020678543,-0.020725828,-0.030234924,-0.026842544,5.59E-06,0
0.003596275,2.452908589,-0.010446901,-0.0242834,-0.016550107,1.29E-05,0
0.002761811,1.6587958,-0.002671356,-0.010953679,-0.007012638,7.63E-06,0
0.001194784,2.230411888,-0.003229069,-0.007995481,-0.005765536,1.43E-06,0
0.001148703,1.925024195,-0.001078828,-0.004950107,-0.002564998,1.32E-06,0
0.001412548,2.377110966,0.00014858,-0.004576097,-0.001673751,2.00E-06,0
0.002487366,1.568484456,0.003444515,-0.003996235,-4.47E-05,6.19E-06,0
0.001431873,1.737444605,0.003287439,-0.001214952,0.000486438,2.05E-06,0
0.001171162,1.694921945,0.005750731,0.002248281,0.003661539,1.37E-06,0
0.001357052,2.038584391,0.003701179,-0.000954412,0.00154325,1.84E-06,0
0.001500747,2.013432895,0.003755718,-0.001315754,0.001466553,2.25E-06,0
0.002255156,1.608240493,0.003066999,-0.00419399,-0.000305789,5.09E-06,0
0.076896499,1.428324243,0.188583028,-0.007951244,0.070209042,0.005913072,1
0.063260128,3.083436586,0.159375725,-0.048845647,-0.000923151,0.004001844,2
0.004361433,1.913627642,-0.031833713,-0.046967232,-0.039655513,1.90E-05,0
0.002733611,2.89211392,-0.021592873,-0.032374812,-0.02650668,7.47E-06,0
0.001065897,2.395471395,-0.0171016,-0.02147108,-0.018788912,1.14E-06,0
0.003090799,2.273458877,-0.005659471,-0.017023803,-0.010441501,9.55E-06,0
0.00189253,2.105934894,-0.00024206,-0.00574493,-0.002177983,3.58E-06,0
0.001977341,1.66248261,0.00291515,-0.002944289,0.00040547,3.91E-06,0
0.00136797,1.944782839,0.005629459,0.00080999,0.003218144,1.87E-06,0
0.001462764,1.821049637,0.007523141,0.002383841,0.004958095,2.14E-06,0
0.001000867,1.719991033,0.007476741,0.004399999,0.005899654,1.00E-06,0
0.001387615,1.784755599,0.008662775,0.004239389,0.006340873,1.93E-06,0
0.022272892,5.293370995,0.094010925,0.001415055,0.016545732,0.000496082,2
0.061007037,1.3867407,0.132888839,-0.032009555,0.049319796,0.003721859,1
0.002731992,3.074175784,-0.023747683,-0.032377708,-0.03019152,7.46E-06,0
0.002281034,3.914783278,-0.015788373,-0.023678971,-0.017651033,5.20E-06,0
0.004383061,1.704774305,-0.005390553,-0.016853287,-0.009468606,1.92E-05,0
0.001002376,3.136621383,-0.001450521,-0.005436557,-0.002881262,1.00E-06,0
0.001592125,1.584860905,0.000784645,-0.003920292,-0.001518857,2.53E-06,0
0.000880878,3.056164974,0.002727703,-0.000322208,0.001716931,7.76E-07,0
0.000828399,2.187290984,0.002133499,-0.000598742,0.001016594,6.86E-07,0
0.000854517,2.815310641,0.004593863,0.000904755,0.003353684,7.30E-07,0
0.001589642,2.72431504,0.00206048,-0.00317305,0.000459362,2.53E-06,0
0.013087194,5.383559963,0.044317823,-0.006643315,0.001404499,0.000171275,2
0.043936486,1.449971743,0.098443857,-0.023632388,0.039321644,0.001930415,1
0.003842371,1.351255261,-0.015724462,-0.026166352,-0.021107687,1.48E-05,0
0.00303825,2.70328196,-0.005237262,-0.015739765,-0.009022134,9.23E-06,0
0.001965172,3.842844006,-0.000724736,-0.007744459,-0.002581046,3.86E-06,0
0.000933912,2.16330705,-0.00080583,-0.004017987,-0.002044929,8.72E-07,0
0.001210519,3.09508566,0.001974369,-0.003308774,-0.001342839,1.47E-06,0
0.001504227,1.603260991,0.002517436,-0.001893161,0.000332661,2.26E-06,0
0.001255091,2.273545614,0.001309372,-0.003229979,-0.000723553,1.58E-06,0
0.000861135,2.930444645,0.002087162,-0.001623945,-0.00020713,7.42E-07,0
0.001826546,5.477927388,0.005066366,-0.003999693,0.002489016,3.34E-06,0
0.03541636,2.747276493,0.101905902,-0.006876127,0.019780481,0.001254319,1
0.052365375,1.770506349,0.109384437,-0.030221295,0.019427314,0.002742133,1
0.004947633,2.052542195,-0.013952258,-0.030857628,-0.023541073,2.45E-05,0
0.002025877,1.984160108,-0.007105535,-0.013902057,-0.010318683,4.10E-06,0
0.001222295,1.972287985,-0.003862763,-0.007704563,-0.005511645,1.49E-06,0
0.001613234,1.356438246,0.000189636,-0.004323294,-0.001931572,2.60E-06,0
0.001143689,2.098395468,0.001274563,-0.002576268,-0.000380912,1.31E-06,0
0.002233884,1.383720551,0.001364083,-0.004929534,-0.001700346,4.99E-06,0
0.001317185,1.885683486,0.000631169,-0.003728788,-0.001548835,1.73E-06,0
0.001821676,1.857845251,0.003174038,-0.002514302,0.000114356,3.32E-06,0
0.001322985,1.917706812,0.003372841,-0.001061591,0.001183693,1.75E-06,0
0.001419129,3.445710418,0.004706731,-0.000644332,0.003083377,2.01E-06,0
0.003809639,1.37512609,0.003114433,-0.00815094,-0.003539538,1.45E-05,0
0.045931961,1.558369291,0.123107416,-0.008839343,0.054108229,0.002109745,1
0.007679471,7.40815012,0.002783565,-0.03378818,-0.028133259,5.90E-05,0
0.003594006,2.725911106,-0.00832461,-0.021957831,-0.01257511,1.29E-05,0
0.00252574,1.784498004,-0.001709998,-0.009566396,-0.00557735,6.38E-06,0
0.003386089,1.477070678,0.002366969,-0.006951627,-0.001736197,1.15E-05,0
0.00114662,1.851426471,0.002049929,-0.001768516,-5.40E-05,1.31E-06,0
0.002425491,2.408109374,0.004549079,-0.004210395,-0.000182133,5.88E-06,0
0.001480104,2.189829181,0.004537549,-0.000924273,0.001847539,2.19E-06,0
0.001831634,1.930337474,0.005619398,-0.000489089,0.002812536,3.35E-06,0
0.00348135,1.907589148,0.002369746,-0.008500539,-0.002293853,1.21E-05,0
0.0162515,6.164531029,0.060308106,-0.011078007,0.000577959,0.000264111,2
0.051867568,1.582531587,0.117551119,-0.031331999,0.053844469,0.002690245,1
0.003189093,2.630834374,-0.025736457,-0.037504067,-0.032580406,1.02E-05,0
0.005115626,1.623831747,-0.010486736,-0.025749866,-0.018045846,2.62E-05,0
0.001265783,1.602302422,-0.006872604,-0.010485679,-0.008959419,1.60E-06,0
0.001797488,1.921729048,-0.001205936,-0.006869653,-0.004726046,3.23E-06,0
0.001138661,1.588446919,0.000444581,-0.003369816,-0.001328865,1.30E-06,0
0.001177092,1.951063885,0.00179198,-0.002310231,-2.76E-05,1.39E-06,0
0.001330431,3.581372592,0.00170544,-0.003974949,-0.002291485,1.77E-06,0
0.001162095,2.281240867,0.000155253,-0.004020068,-0.001712517,1.35E-06,0
0.002491273,1.846301434,0.004744067,-0.002861596,0.000641863,6.21E-06,0
0.002668931,1.981907837,0.003508206,-0.003925927,0.001045632,7.12E-06,0
0.007594084,7.708858172,0.031032271,-0.004627312,0.001065028,5.77E-05,0
0.025793922,1.399027534,0.054056293,-0.014371087,0.023499836,0.000665326,1
0.003298843,1.751840753,-0.005553067,-0.015411638,-0.011894594,1.09E-05,0
0.002587311,1.20735073,0.000948389,-0.005731728,-0.002487223,6.69E-06,0
0.001239115,3.07596826,0.003428504,-0.001118179,0.000675601,1.54E-06,0
0.001610582,1.861675563,0.003115284,-0.002099743,0.001042796,2.59E-06,0
0.001453328,1.876096085,0.005269484,0.000737667,0.00258832,2.11E-06,0
0.00129263,4.369815893,0.004913917,-0.0005584,0.001061253,1.67E-06,0
0.001465033,1.798771308,0.003142582,-0.001728774,0.000613007,2.15E-06,0
0.001136055,1.936187045,0.001301279,-0.002574461,-0.000526015,1.29E-06,0
0.001153503,2.699123774,0.000995568,-0.002936603,-0.000500076,1.33E-06,0
0.002048193,1.872611873,0.001846366,-0.004937536,-0.00217365,4.20E-06,0
0.001575493,2.05752271,0.001858466,-0.003990893,-0.001033547,2.48E-06,0
0.058014893,1.439525944,0.150368568,-0.006244953,0.07096534,0.003365728,1
0.026868144,5.955658826,0.070197969,-0.039737558,-0.023835977,0.000721897,2
0.004371321,2.300410467,-0.018973973,-0.03567167,-0.029186993,1.91E-05,0
0.00083059,1.823302403,-0.015739469,-0.018748374,-0.017222677,6.90E-07,0
0.003284801,1.823053586,-0.00598698,-0.016664262,-0.011355623,1.08E-05,0
0.002197521,2.779429092,-0.000624441,-0.009240624,-0.004959737,4.83E-06,0
0.000621599,1.658671089,-0.001075694,-0.003007339,-0.002117307,3.86E-07,0
0.001859654,1.456941885,0.003215828,-0.002114975,0.00073993,3.46E-06,0
0.001948638,2.445683905,0.007216489,0.000673794,0.004785255,3.80E-06,0
0.002901013,1.552756985,0.006526218,-0.002075598,0.002494176,8.42E-06,0
0.027321698,3.993053986,0.09203792,-0.001674089,0.01683482,0.000746475,2
0.051864137,1.473103251,0.102394728,-0.029951058,0.02291193,0.002689889,1
0.005311926,1.953801797,-0.016200262,-0.031580546,-0.026344126,2.82E-05,0
0.002384125,2.713134386,-0.005892791,-0.016115162,-0.010962992,5.68E-06,0
0.001276107,4.379759536,0.00037608,-0.00577825,-0.002911683,1.63E-06,0
0.001458595,1.631611598,0.004235057,-0.000207318,0.001761414,2.13E-06,0
0.002233216,1.341297846,0.003307706,-0.002901642,0.000183102,4.99E-06,0
0.001990164,2.250376289,0.000827221,-0.006110064,-0.00243489,3.96E-06,0
0.002355793,2.06882367,0.001479975,-0.006102805,-0.001927299,5.55E-06,0
0.001410037,2.179313907,0.002026175,-0.002989681,-0.00033084,1.99E-06,0
0.003147384,1.559794885,0.001138316,-0.009193616,-0.005558159,9.91E-06,0
0.032132295,1.576532779,0.096377153,-0.001422871,0.045284617,0.001032484,1
0.00460456,8.063750695,-0.002697044,-0.026857494,-0.02197617,2.12E-05,0
0.003072187,2.188181905,-0.006546345,-0.018367454,-0.011956141,9.44E-06,0
0.000984803,2.044483677,-0.002080632,-0.006401832,-0.004261268,9.70E-07,0
0.000780877,2.468635231,0.000473419,-0.002450642,-0.001390374,6.10E-07,0
0.001777752,2.925563673,0.003310083,-0.00248417,0.001622403,3.16E-06,0
0.003231194,1.986539431,0.00852722,-0.002483595,0.002613543,1.04E-05,0
0.002356054,3.038603162,0.008520328,-0.001173636,0.002676436,5.55E-06,0
0.001346523,1.919259894,0.001968293,-0.002433451,0.000107503,1.81E-06,0
0.002413417,1.847009901,0.002557333,-0.005222653,-0.001586055,5.82E-06,0
0.002900905,1.999794769,0.000235203,-0.009549139,-0.004408021,8.42E-06,0
0.005315232,7.786483204,0.022964452,-0.003710095,0.001596341,2.83E-05,0
0.037556596,1.739562169,0.08352464,-0.027240777,0.040745787,0.001410498,1
0.006802998,1.477414853,-0.014453093,-0.034157549,-0.024014628,4.63E-05,0
0.00478774,1.512547179,-0.000286394,-0.014372245,-0.00673971,2.29E-05,0
0.001611244,1.592726001,-0.003381833,-0.008558115,-0.005648324,2.60E-06,0
0.0015774,2.113390191,0.001814335,-0.003518158,-0.000654981,2.49E-06,0
0.001483402,2.577134291,0.0013529,-0.003432337,-0.001776652,2.20E-06,0
0.001896187,1.776600681,0.003817111,-0.00197404,0.000612107,3.60E-06,0
0.000995083,1.620904133,0.002588722,-0.001055215,0.000717437,9.90E-07,0
0.000582035,2.214770205,-0.000938273,-0.00316938,-0.001885338,3.39E-07,0
0.001443422,2.772841502,0.005218476,-0.000781356,0.003040863,2.08E-06,0
0.001781364,1.787952571,0.00606504,0.000236894,0.003083877,3.17E-06,0
0.001109162,2.260895077,0.00586431,0.002025373,0.003894833,1.23E-06,0
0.002817345,4.205483423,0.004567548,-0.006346466,0.001551726,7.94E-06,0
0.040735917,1.772062344,0.110926653,-0.006329988,0.062866584,0.001659415,1
0.01568076,6.506739278,0.028729462,-0.037873948,-0.028166109,0.000245886,2
0.00387879,2.352991618,-0.017371888,-0.032147784,-0.024441123,1.50E-05,0
0.000936959,1.599960348,-0.014474371,-0.017341912,-0.015778959,8.78E-07,0
0.002951334,2.800913509,-0.00467502,-0.014737952,-0.007883313,8.71E-06,0
0.000906653,2.71174697,-0.001290627,-0.004738528,-0.002725347,8.22E-07,0
0.001301381,1.831569738,0.001903963,-0.002298773,-4.77E-05,1.69E-06,0
0.001337148,2.185477791,0.001357097,-0.003346112,-0.000771792,1.79E-06,0
0.001310538,2.017997827,0.004263091,-0.000110005,0.001964921,1.72E-06,0
0.002686425,1.632398058,0.00729367,-0.00055803,0.002629626,7.22E-06,0
0.00183744,1.897840525,0.010013879,0.004261469,0.00683252,3.38E-06,0
0.000818663,2.352918949,0.004906857,0.002119901,0.00384304,6.70E-07,0
0.002119111,1.667675496,0.006838372,0.000431346,0.00346567,4.49E-06,0
0.001983234,1.556715547,0.00332825,-0.002501978,0.000699381,3.93E-06,0
0.001251324,1.912298577,0.003918213,-0.000240052,0.001536691,1.57E-06,0
0.001616207,1.628159949,0.005606137,0.000673076,0.002878537,2.61E-06,0
0.001961346,3.887079894,0.002993865,-0.005364798,0.000605206,3.85E-06,0
0.064375283,1.483993805,0.167429211,-0.008961131,0.071146907,0.004144177,1
0.032060066,3.996327949,0.070589939,-0.049066588,-0.025548685,0.001027848,2
0.004912249,2.173200721,-0.030997818,-0.045970439,-0.041028164,2.41E-05,0
0.003999684,1.395684852,-0.01941733,-0.030894748,-0.026043863,1.60E-05,0
0.002925773,1.622845041,-0.010098865,-0.019322943,-0.014111092,8.56E-06,0
0.001889886,2.640350668,-0.003751604,-0.010120973,-0.006321192,3.57E-06,0
0.00163656,1.858226424,-0.00017566,-0.005456961,-0.002733608,2.68E-06,0